year	bottom_CI	top_CI	mean	name_origin	label	corpus
2020	0.062905317769131	0.0752269779507134	0.0689815823605707	EastAsian	EastAsian	quote
2009	0.0727812848124768	0.0825597227379626	0.0775706151751454	EastAsian		quote
2010	0.0516259648234848	0.060103758066557	0.0559208148804252	EastAsian		quote
2011	0.0638269282450954	0.0735017468422467	0.068653130878796	EastAsian		quote
2007	0.0506982392228294	0.0599574984820886	0.0552536733454766	EastAsian		quote
2019	0.0719900703351262	0.0848158874637981	0.0784200661977658	EastAsian		quote
2005	0.062092050209205	0.0728033472803347	0.0674742761506276	EastAsian		quote
2012	0.0727727332543756	0.0830372417423345	0.077778628766943	EastAsian		quote
2018	0.0677274581803346	0.0799673602611179	0.0737288861689106	EastAsian		quote
2014	0.0683877585912122	0.0796717387587622	0.0740233886134382	EastAsian		quote
2013	0.057846246790515	0.0675124603534209	0.062625796707446	EastAsian		quote
2017	0.0663811563169165	0.0788008565310492	0.0726372162740899	EastAsian		quote
2006	0.0446484131922838	0.0533602986932172	0.0489475108898569	EastAsian		quote
2008	0.045836109260493	0.0540972684876749	0.0499488607594937	EastAsian		quote
2016	0.0633134013366163	0.0743932465705241	0.0687461132606402	EastAsian		quote
2015	0.0646766169154229	0.0754560530679934	0.0700444776119403	EastAsian		quote
2020	0.0384781668828361	0.0486381322957198	0.0434843060959792	SouthAsian	SouthAsian	quote
2009	0.0263646490902339	0.0325535338531997	0.0294458720138631	SouthAsian		quote
2010	0.0225230924965203	0.0283436669619132	0.0254585094268	SouthAsian		quote
2011	0.0223058317656544	0.028218220908358	0.0252510346681	SouthAsian		quote
2007	0.0428051001821494	0.0513054037644202	0.0469968427443837	SouthAsian		quote
2019	0.0326851468762929	0.0415804716590815	0.0370521721141911	SouthAsian		quote
2005	0.021255230125523	0.0279497907949791	0.0245971548117155	SouthAsian		quote
2012	0.030925121726543	0.0377681273851823	0.034281194894065	SouthAsian		quote
2018	0.0426356589147287	0.0526315789473684	0.0476329661362709	SouthAsian		quote
2014	0.0253034706787485	0.0326551547273038	0.0289144811078817	SouthAsian		quote
2013	0.0226551880380607	0.0289986406887177	0.025865669838393	SouthAsian		quote
2017	0.0231263383297645	0.0310492505353319	0.0269567451820128	SouthAsian		quote
2006	0.0216241443683883	0.0281580584940884	0.0248699439950218	SouthAsian		quote
2008	0.020253164556962	0.0258494337108594	0.0230560692871419	SouthAsian		quote
2016	0.0295462539570876	0.0374604291241646	0.0335254660569821	SouthAsian		quote
2015	0.0315091210613599	0.0396351575456053	0.0355143946932007	SouthAsian		quote
2020	0.301988759187203	0.324902723735409	0.313561435365326	European	European	quote
2009	0.310682015100879	0.327639559351405	0.31902010149771	European		quote
2010	0.300012653422751	0.317094774136404	0.308596608882703	European		quote
2011	0.298978769148078	0.316715936576189	0.307734184359043	European		quote
2007	0.29341226472374	0.311930783242259	0.302661475409836	European		quote
2019	0.323541580471659	0.346503930492346	0.334889118742242	European		quote
2005	0.279665271966527	0.298912133891213	0.289265338912134	European		quote
2012	0.297933938676142	0.31504145282274	0.306544782208185	European		quote
2018	0.299673602611179	0.32109343125255	0.310393635250918	European		quote
2014	0.321080526585741	0.340912976577193	0.330923200547102	European		quote
2013	0.318078840054372	0.336958163419423	0.327397100135931	European		quote
2017	0.313918629550321	0.336188436830835	0.325041798715203	European		quote
2006	0.304138145612943	0.322806471686372	0.313398599875544	European		quote
2008	0.30979347101932	0.327514990006662	0.318646848767488	European		quote
2016	0.310939148786493	0.331691874780162	0.321263841013014	European		quote
2015	0.309286898839138	0.329187396351575	0.319286666666667	European		quote
2020	0.385646346735841	0.409208819714656	0.397618460873325	CelticEnglish	CelticEnglish	quote
2009	0.428889714073524	0.446589924495606	0.437747617279366	CelticEnglish		quote
2010	0.476274832342149	0.494748829558396	0.48540455523219	CelticEnglish		quote
2011	0.431066917495297	0.450147809728568	0.440655065842515	CelticEnglish		quote
2007	0.461141469338191	0.481481481481481	0.471171584699454	CelticEnglish		quote
2019	0.369673148531237	0.393049234588333	0.381211170872983	CelticEnglish		quote
2005	0.495054393305439	0.516150627615063	0.505581322175732	CelticEnglish		quote
2012	0.421371233056981	0.439926306092907	0.430501487037768	CelticEnglish		quote
2018	0.400652794777642	0.42390860873113	0.412401060791514	CelticEnglish		quote
2014	0.421439562318345	0.442639767481621	0.431965395794153	CelticEnglish		quote
2013	0.435734783265368	0.455520314151941	0.445655731762574	CelticEnglish		quote
2017	0.417987152034261	0.441327623126338	0.429608479657388	CelticEnglish		quote
2006	0.484909769757312	0.505133789670193	0.495054138145613	CelticEnglish		quote
2008	0.465423051299134	0.484477015323118	0.474944223850766	CelticEnglish		quote
2016	0.402919451283855	0.424903271192402	0.413845339430179	CelticEnglish		quote
2015	0.424709784411277	0.446102819237148	0.435507960199005	CelticEnglish		quote
2020	0.0259403372243839	0.0341655858192824	0.0300299178555988	ArabTurkPers	ArabTurkPers	quote
2009	0.0222799851466766	0.0278499814333457	0.0250451788587697	ArabTurkPers		quote
2010	0.0132860938883968	0.0178413260787043	0.0155812729343287	ArabTurkPers		quote
2011	0.0216339693630744	0.027411986025262	0.0244609782316582	ArabTurkPers		quote
2007	0.0195810564663024	0.0255009107468124	0.022572131147541	ArabTurkPers		quote
2019	0.0304095986760447	0.0386946628051304	0.0345108812577576	ArabTurkPers		quote
2005	0.0177322175732218	0.0235983263598326	0.0205803514644351	ArabTurkPers		quote
2012	0.0265824450585603	0.0330306619292012	0.0297678905119095	ArabTurkPers		quote
2018	0.0236638106895145	0.0314259485924113	0.0275552019583843	ArabTurkPers		quote
2014	0.0179517866301932	0.0241066849034023	0.0210428791246367	ArabTurkPers		quote
2013	0.0206917384080955	0.0265820872979912	0.0235847757136384	ArabTurkPers		quote
2017	0.0265524625267666	0.0349036402569593	0.0307911777301927	ArabTurkPers		quote
2006	0.0186683260734287	0.0245799626633479	0.0215883011823273	ArabTurkPers		quote
2008	0.017854763491006	0.0233177881412392	0.0205360159893404	ArabTurkPers		quote
2016	0.0186422792824481	0.0249736194161097	0.0218335912768203	ArabTurkPers		quote
2015	0.0202321724709784	0.0266998341625207	0.0235049751243781	ArabTurkPers		quote
2020	0.049935149156939	0.0607436230004323	0.0551466061392131	Hispanic	Hispanic	quote
2009	0.0301955687585097	0.036638197796757	0.0333507859883649	Hispanic		quote
2010	0.0323927622421865	0.0390990763001392	0.0357856004049095	Hispanic		quote
2011	0.0350712174146735	0.0424617038430529	0.0386722923945176	Hispanic		quote
2007	0.0329386763812993	0.0403764420157863	0.0365431086824529	Hispanic		quote
2019	0.0546131568059578	0.065990897807199	0.060269466280513	Hispanic		quote
2005	0.0235983263598326	0.0304602510460251	0.0269492552301255	Hispanic		quote
2012	0.0373733385971838	0.0448743255691538	0.0410869588103698	Hispanic		quote
2018	0.043859649122807	0.0540595675234598	0.0489709914320685	Hispanic		quote
2014	0.0329970935202599	0.0410326551547273	0.0369741152333732	Hispanic		quote
2013	0.0318682978402054	0.0394200271862256	0.0356446760308111	Hispanic		quote
2017	0.0432441113490364	0.0533190578158458	0.0482033832976445	Hispanic		quote
2006	0.0247355320472931	0.0315805849408836	0.0279875544492844	Hispanic		quote
2008	0.0271818787475017	0.0335776149233844	0.0303899800133244	Hispanic		quote
2016	0.03904326415758	0.0480126626802673	0.0434738304607809	Hispanic		quote
2015	0.0291873963515755	0.0364842454394693	0.0328000331674959	Hispanic		quote
2020	0.0190229139645482	0.0261565067012538	0.0224636835278859	Jewish	Jewish	quote
2009	0.0116351033543755	0.0158435449931922	0.0137286545364525	Jewish		quote
2010	0.0132860938883968	0.0177147918511957	0.0154104770340377	Jewish		quote
2011	0.0185434023112067	0.0240526740123623	0.021346358505778	Jewish		quote
2007	0.00865209471766849	0.0127504553734062	0.0105865513054038	Jewish		quote
2019	0.0128258171286719	0.0186181216383947	0.0157141497724452	Jewish		quote
2005	0.0130543933054393	0.0182426778242678	0.0155522008368201	Jewish		quote
2012	0.0178970917225951	0.0231609422292407	0.0204153178049743	Jewish		quote
2018	0.018359853121175	0.0252957976336189	0.0217871889024888	Jewish		quote
2014	0.011113010771072	0.0160711232689349	0.0135063771584886	Jewish		quote
2013	0.0131400090620752	0.018275185017369	0.0157142123546292	Jewish		quote
2017	0.0122055674518201	0.0182012847965739	0.0152086509635974	Jewish		quote
2006	0.0132233976353454	0.018201617921593	0.0157349408836341	Jewish		quote
2008	0.0146568954030646	0.0195869420386409	0.0170724317121919	Jewish		quote
2016	0.0121350685895181	0.0174111853675695	0.0148010200492438	Jewish		quote
2015	0.0160862354892206	0.0217247097844113	0.0189102819237148	Jewish		quote
2020	0.0012970168612192	0.00367488110678772	0.00237233030696066	Greek	Greek	quote
2009	0.00717910632504023	0.0105211040970417	0.0087860131204357	Greek		quote
2010	0.00506136910034164	0.00809819056054663	0.0066044033911173	Greek		quote
2011	0.00497178177909164	0.00806234883095942	0.00647033055630207	Greek		quote
2007	0.00379477838494232	0.00683060109289617	0.00527887067395264	Greek		quote
2019	0.00186181216383947	0.00455109640049648	0.00311332230037236	Greek		quote
2005	0.00251046025104603	0.00518828451882845	0.00384230962343096	Greek		quote
2012	0.00565863929464403	0.00894854586129754	0.00725200684300566	Greek		quote
2018	0.00550795593635251	0.00938392492860057	0.00735528355773154	Greek		quote
2014	0.00153872456830227	0.00376132672251667	0.00258160369293896	Greek		quote
2013	0.00438000302069174	0.00740069475909983	0.00588228364295424	Greek		quote
2017	0.0012847965738758	0.00364025695931478	0.00235408993576017	Greek		quote
2006	0.00482265090230243	0.00808960796515246	0.00637688238954574	Greek		quote
2008	0.00599600266489007	0.00932711525649567	0.00760463690872751	Greek		quote
2016	0.00861765740415055	0.01301442138586	0.0107253605346465	Greek		quote
2015	0.00514096185737977	0.00862354892205638	0.0068101824212272	Greek		quote
2020	0.0367488110678772	0.0464764375270212	0.0414925637699957	Nordic	Nordic	quote
2009	0.0277262037380864	0.0340388661963114	0.0309213516524322	Nordic		quote
2010	0.0284702011894217	0.0349234467923573	0.0316276097684424	Nordic		quote
2011	0.0388336468691212	0.0463585057780167	0.0425767804353668	Nordic		quote
2007	0.0300546448087432	0.0373406193078324	0.0337127808136005	Nordic		quote
2019	0.025237898220935	0.0330988829127017	0.0291551510136533	Nordic		quote
2005	0.0252719665271967	0.0323012552301255	0.0287719832635983	Nordic		quote
2012	0.0280300039478879	0.0346098170811949	0.0313116725884985	Nordic		quote
2018	0.0214198286413709	0.0287637698898409	0.025097429620563	Nordic		quote
2014	0.0359035732603864	0.0442810736878099	0.0399508633954522	Nordic		quote
2013	0.0348889895786135	0.0427427880984746	0.0387804259175351	Nordic		quote
2017	0.0271948608137045	0.0353426124197003	0.0311881370449679	Nordic		quote
2006	0.0270690728064717	0.0342252644679527	0.0306708462974487	Nordic		quote
2008	0.0317121918720853	0.0386409060626249	0.0351819053964024	Nordic		quote
2016	0.0429124164614843	0.0522335561027084	0.0474741822018994	Nordic		quote
2015	0.0281923714759536	0.0356550580431177	0.0319789054726368	Nordic		quote
2020	0.0218331171638565	0.0296152183311716	0.0257117163856463	African	African	quote
2009	0.0241366505755663	0.0300779799480134	0.0269897264512935	African		quote
2010	0.0189801341262812	0.0244211059091484	0.021636922687587	African		quote
2011	0.0225745767266864	0.0286213383499059	0.025529696318194	African		quote
2007	0.0135094110503947	0.0185185185185185	0.01598357619915	African		quote
2019	0.0227554820024824	0.0304095986760447	0.0264830781961109	African		quote
2005	0.015397489539749	0.021255230125523	0.0182281506276151	African		quote
2012	0.019739439399921	0.0253980786945651	0.0225179365706014	African		quote
2018	0.02203182374541	0.0297837617299062	0.0258978376172991	African		quote
2014	0.0184646948196273	0.0246195930928364	0.0214936228415114	African		quote
2013	0.0164627699743241	0.0219000151034587	0.0191522428636158	African		quote
2017	0.0147751605995717	0.0211991434689507	0.0180103211991435	African		quote
2006	0.0138456751711263	0.0189794648413192	0.0162959240821406	African		quote
2008	0.020253164556962	0.0261159227181879	0.0231569353764157	African		quote
2016	0.0214562082307422	0.0283151600422089	0.0248380232149138	African		quote
2015	0.0243781094527363	0.0313432835820895	0.0277935323383085	African		quote
2009	0.144008056394763	0.182275931520645	0.162818328298087	EastAsian		citation
2013	0.127133105802048	0.161262798634812	0.144140784982935	EastAsian		citation
2010	0.10233918128655	0.1364522417154	0.118894736842105	EastAsian		citation
2005	0.0838396111786148	0.119076549210207	0.101131470230863	EastAsian		citation
2011	0.0952858575727182	0.128385155466399	0.11127963891675	EastAsian		citation
2014	0.106995884773663	0.138271604938272	0.122709794238683	EastAsian		citation
2016	0.136445242369838	0.171454219030521	0.153926929982047	EastAsian		citation
2020	0.145307769929364	0.183652875882947	0.164367305751766	EastAsian	EastAsian	citation
2007	0.0909090909090909	0.126136363636364	0.107895454545455	EastAsian		citation
2019	0.149206349206349	0.184126984126984	0.166609682539683	EastAsian		citation
2012	0.106796116504854	0.138570167696381	0.122390291262136	EastAsian		citation
2008	0.10024154589372	0.136473429951691	0.118290338164251	EastAsian		citation
2018	0.129478827361564	0.162866449511401	0.14579657980456	EastAsian		citation
2006	0.0831381733021077	0.117096018735363	0.0995154566744731	EastAsian		citation
2017	0.154485049833887	0.190199335548173	0.172132724252492	EastAsian		citation
2015	0.124897288414133	0.157764995891537	0.141565653245686	EastAsian		citation
2009	0.0322255790533736	0.0523665659617321	0.0420646525679758	SouthAsian		citation
2013	0.0290102389078498	0.0469283276450512	0.0376235494880546	SouthAsian		citation
2010	0.0341130604288499	0.0545808966861598	0.0439945419103314	SouthAsian		citation
2005	0.0291616038882139	0.0510328068043742	0.0400393681652491	SouthAsian		citation
2011	0.0280842527582748	0.0471414242728185	0.0371592778335005	SouthAsian		citation
2014	0.0337448559670782	0.0526748971193416	0.0427260905349794	SouthAsian		citation
2016	0.0206463195691203	0.0377019748653501	0.028872710951526	SouthAsian		citation
2020	0.0343087790110999	0.0554994954591322	0.0444106962663976	SouthAsian	SouthAsian	citation
2007	0.0261363636363636	0.0465909090909091	0.0364459090909091	SouthAsian		citation
2019	0.0388888888888889	0.0587301587301587	0.0484504761904762	SouthAsian		citation
2012	0.0229479258605472	0.0397175639894086	0.0308397175639894	SouthAsian		citation
2008	0.0289855072463768	0.0519323671497585	0.0399297101449275	SouthAsian		citation
2018	0.0423452768729642	0.0635179153094463	0.0529928338762215	SouthAsian		citation
2006	0.0234192037470726	0.0433255269320843	0.0327348946135831	SouthAsian		citation
2017	0.029028239202658	0.0465116279069767	0.0372694352159468	SouthAsian		citation
2015	0.0271158586688578	0.0443714050944947	0.0353986852917009	SouthAsian		citation
2009	0.305135951661631	0.353474320241692	0.329430211480363	European		citation
2013	0.3080204778157	0.353242320819113	0.330289249146758	European		citation
2010	0.296296296296296	0.345029239766082	0.320539376218324	European		citation
2005	0.292831105710814	0.347509113001215	0.320563304981774	European		citation
2011	0.329989969909729	0.37913741223671	0.354814643931795	European		citation
2014	0.323456790123457	0.368724279835391	0.346419917695473	European		citation
2016	0.315978456014363	0.363554757630162	0.339642190305206	European		citation
2020	0.319878910191726	0.369323915237134	0.344860141271443	European	European	citation
2007	0.3125	0.364772727272727	0.33868	European		citation
2019	0.315079365079365	0.35952380952381	0.337343650793651	European		citation
2012	0.326566637246249	0.372462488967343	0.349835834068844	European		citation
2008	0.332125603864734	0.38768115942029	0.359855797101449	European		citation
2018	0.309446254071661	0.353420195439739	0.331242182410423	European		citation
2006	0.303220140515223	0.35480093676815	0.327929274004684	European		citation
2017	0.345514950166113	0.391196013289037	0.368039534883721	European		citation
2015	0.353327855382087	0.397740345110929	0.375324075595727	European		citation
2009	0.303121852970796	0.352467270896274	0.327869889224572	CelticEnglish		citation
2013	0.305460750853242	0.349829351535836	0.327804266211604	CelticEnglish		citation
2010	0.34307992202729	0.393762183235867	0.368450682261209	CelticEnglish		citation
2005	0.3681652490887	0.424058323207776	0.396250789793439	CelticEnglish		citation
2011	0.304914744232698	0.35506519558676	0.330144633901705	CelticEnglish		citation
2014	0.299588477366255	0.344855967078189	0.322526913580247	CelticEnglish		citation
2016	0.282764811490126	0.327648114901257	0.305291382405745	CelticEnglish		citation
2020	0.273461150353179	0.320887991927346	0.29686175580222	CelticEnglish	CelticEnglish	citation
2007	0.353409090909091	0.406818181818182	0.379568863636364	CelticEnglish		citation
2019	0.280952380952381	0.323809523809524	0.302409047619048	CelticEnglish		citation
2012	0.312444836716681	0.359223300970874	0.335661959399823	CelticEnglish		citation
2008	0.301932367149758	0.355072463768116	0.328533333333333	CelticEnglish		citation
2018	0.288273615635179	0.330618892508143	0.309638762214984	CelticEnglish		citation
2006	0.370023419203747	0.425058548009368	0.398055737704918	CelticEnglish		citation
2017	0.261627906976744	0.303156146179402	0.282350664451827	CelticEnglish		citation
2015	0.278512736236648	0.320460147904684	0.299326540673788	CelticEnglish		citation
2009	0.0151057401812689	0.0302114803625378	0.0221482376636455	ArabTurkPers		citation
2013	0.0187713310580205	0.0341296928327645	0.0264508532423208	ArabTurkPers		citation
2010	0.0146198830409357	0.0302144249512671	0.0223615984405458	ArabTurkPers		citation
2005	0.00729040097205346	0.0206561360874848	0.0133620899149453	ArabTurkPers		citation
2011	0.0100300902708124	0.0230692076228686	0.0160998996990973	ArabTurkPers		citation
2014	0.0156378600823045	0.0296296296296296	0.0222936625514403	ArabTurkPers		citation
2016	0.0233393177737881	0.0412926391382406	0.0322132854578097	ArabTurkPers		citation
2020	0.012108980827447	0.0262361251261352	0.0190982845610494	ArabTurkPers	ArabTurkPers	citation
2007	0.0125	0.0272727272727273	0.0193834090909091	ArabTurkPers		citation
2019	0.019047619047619	0.0333333333333333	0.0262307936507937	ArabTurkPers		citation
2012	0.0176522506619594	0.0326566637246249	0.0246252427184466	ArabTurkPers		citation
2008	0.0169082125603865	0.035024154589372	0.0254753623188406	ArabTurkPers		citation
2018	0.0219869706840391	0.0374592833876222	0.0292920195439739	ArabTurkPers		citation
2006	0.0105386416861827	0.0257611241217799	0.0176285714285714	ArabTurkPers		citation
2017	0.0166112956810631	0.0307308970099668	0.0231697674418605	ArabTurkPers		citation
2015	0.0147904683648316	0.0279375513557929	0.0212557107641742	ArabTurkPers		citation
2009	0.0322255790533736	0.05337361530715	0.0421891238670695	Hispanic		citation
2013	0.0332764505119454	0.052901023890785	0.0433578498293515	Hispanic		citation
2010	0.0302144249512671	0.0497076023391813	0.0399686159844055	Hispanic		citation
2005	0.0243013365735115	0.0449574726609964	0.0339375455650061	Hispanic		citation
2011	0.041123370110331	0.0641925777331996	0.0521568706118355	Hispanic		citation
2014	0.037037037037037	0.0559670781893004	0.046203621399177	Hispanic		citation
2016	0.0269299820466786	0.0448833034111311	0.0358712746858169	Hispanic		citation
2020	0.0322906155398587	0.053481331987891	0.0424106962663976	Hispanic	Hispanic	citation
2007	0.025	0.0443181818181818	0.0340606818181818	Hispanic		citation
2019	0.0357142857142857	0.0547619047619048	0.0451726984126984	Hispanic		citation
2012	0.030891438658429	0.0494263018534863	0.0396827890556046	Hispanic		citation
2008	0.0277777777777778	0.0495169082125604	0.0387096618357488	Hispanic		citation
2018	0.0358306188925081	0.0553745928338762	0.0454809446254072	Hispanic		citation
2006	0.0245901639344262	0.0444964871194379	0.033968149882904	Hispanic		citation
2017	0.0191029900332226	0.0340531561461794	0.0264953488372093	Hispanic		citation
2015	0.0328677074774035	0.0517666392769104	0.0418281018898932	Hispanic		citation
2009	0.0151057401812689	0.0302114803625378	0.0222624370594159	Jewish		citation
2013	0.0264505119453925	0.0443686006825939	0.0350018771331058	Jewish		citation
2010	0.0204678362573099	0.0380116959064327	0.0292329434697856	Jewish		citation
2005	0.0194410692588092	0.0376670716889429	0.0279365735115431	Jewish		citation
2011	0.0210631895687061	0.0381143430290873	0.0291093279839519	Jewish		citation
2014	0.0131687242798354	0.0263374485596708	0.0197371193415638	Jewish		citation
2016	0.0197486535008977	0.0350089766606822	0.0268766606822262	Jewish		citation
2020	0.0161453077699294	0.0312815338042381	0.0232619576185671	Jewish	Jewish	citation
2007	0.0238636363636364	0.0443181818181818	0.0339781818181818	Jewish		citation
2019	0.0126984126984127	0.0254365079365081	0.0190265079365079	Jewish		citation
2012	0.0220653133274493	0.0388349514563107	0.0298965578111209	Jewish		citation
2008	0.00845410628019324	0.0229468599033816	0.0156644927536232	Jewish		citation
2018	0.0187296416938111	0.0325732899022801	0.0252726384364821	Jewish		citation
2006	0.0128805620608899	0.0292740046838408	0.0209889929742389	Jewish		citation
2017	0.0207641196013289	0.0357142857142857	0.0282109634551495	Jewish		citation
2015	0.0180772391125719	0.0328677074774035	0.0253746918652424	Jewish		citation
2009	0.00302114803625378	0.0120845921450151	0.00708418932527694	Greek		citation
2013	0.00255972696245734	0.00938566552901024	0.00594215017064846	Greek		citation
2010	0.00194931773879142	0.00974658869395711	0.00583840155945419	Greek		citation
2005	0.00486026731470231	0.0157958687727825	0.00975212636695018	Greek		citation
2011	0.00200601805416249	0.0100300902708124	0.00604052156469408	Greek		citation
2014	0.00493827160493827	0.0139917695473251	0.00906288065843621	Greek		citation
2016	0.00359066427289048	0.0116696588868941	0.00724290843806104	Greek		citation
2020	0.00201816347124117	0.00908173562058527	0.00505549949545913	Greek	Greek	citation
2007	0	0.00681818181818182	0.00337454545454545	Greek		citation
2019	0	0.00476190476190476	0.00237031746031746	Greek		citation
2012	0.00617828773168579	0.0158870255957635	0.0105650485436893	Greek		citation
2008	0.0036231884057971	0.0132850241545894	0.00839227053140097	Greek		citation
2018	0.00570032573289902	0.0154723127035831	0.0106485342019544	Greek		citation
2006	0.00234192037470726	0.0105386416861827	0.00586299765807963	Greek		citation
2017	0.00415282392026578	0.0125000000000002	0.00829734219269103	Greek		citation
2015	0.00328677074774034	0.0115036976170912	0.00742300739523418	Greek		citation
2009	0.0201409869083585	0.0372608257804632	0.0279913393756294	Nordic		citation
2013	0.0238907849829352	0.0409556313993174	0.0323213310580205	Nordic		citation
2010	0.0272904483430799	0.0458089668615984	0.0361001949317739	Nordic		citation
2005	0.0328068043742406	0.0571081409477521	0.0449861482381531	Nordic		citation
2011	0.0361083249749248	0.0581745235707121	0.0470990972918756	Nordic		citation
2014	0.0419753086419753	0.0625514403292181	0.0519379423868313	Nordic		citation
2016	0.0377019748653501	0.0583482944344704	0.0476215439856373	Nordic		citation
2020	0.029263370332997	0.0494450050454087	0.039390312815338	Nordic	Nordic	citation
2007	0.0284090909090909	0.05	0.0386943181818182	Nordic		citation
2019	0.0317460317460317	0.05	0.0405334920634921	Nordic		citation
2012	0.029126213592233	0.0485436893203883	0.0387382171226831	Nordic		citation
2008	0.0338164251207729	0.0567632850241546	0.0446876811594203	Nordic		citation
2018	0.0309446254071661	0.0488599348534202	0.0398949511400651	Nordic		citation
2006	0.0351288056206089	0.0585480093676815	0.0469173302107728	Nordic		citation
2017	0.0315614617940199	0.0506644518272425	0.0407538205980066	Nordic		citation
2015	0.0271158586688578	0.0443714050944947	0.0352635990139688	Nordic		citation
2009	0.0100704934541793	0.0231621349446123	0.0161415911379658	African		citation
2013	0.0110921501706485	0.0238907849829352	0.0170680887372014	African		citation
2010	0.0087719298245614	0.0204678362573099	0.0146189083820663	African		citation
2005	0.00607533414337789	0.0182260024301337	0.0120405832320778	African		citation
2011	0.0100300902708124	0.0230692076228686	0.0160960882647944	African		citation
2014	0.0106995884773663	0.0222222222222222	0.0163820576131687	African		citation
2016	0.0152603231597846	0.0296229802513465	0.0224411131059246	African		citation
2020	0.0131180625630676	0.0282542885973764	0.0202833501513623	African	African	citation
2007	0.00340909090909091	0.0136363636363636	0.00791863636363636	African		citation
2019	0.00714285714285714	0.0166666666666667	0.0118533333333333	African		citation
2012	0.0114739629302736	0.0247131509267432	0.0177643424536628	African		citation
2008	0.0132850241545894	0.0289855072463768	0.0204613526570048	African		citation
2018	0.00570032573289902	0.0146579804560261	0.00974055374592834	African		citation
2006	0.00936768149882904	0.0234192037470726	0.0163985948477752	African		citation
2017	0.00830564784053156	0.0191029900332226	0.0132803986710963	African		citation
2015	0.0115036976170912	0.0230073952341824	0.017239934264585	African		citation
2019	0.19811320754717	0.244103773584906	0.220758490566038	EastAsian		nature_last
2009	0.174486803519062	0.224340175953079	0.199495014662757	EastAsian		nature_last
2012	0.149936467598475	0.19440914866582	0.171667852604828	EastAsian		nature_last
2005	0.128787878787879	0.169191919191919	0.148908585858586	EastAsian		nature_last
2017	0.167776298268975	0.215712383488682	0.191520905459387	EastAsian		nature_last
2006	0.147100424328147	0.193776520509194	0.169843281471004	EastAsian		nature_last
2008	0.130544993662864	0.171102661596958	0.150891254752852	EastAsian		nature_last
2007	0.153508771929825	0.200365497076024	0.176891228070175	EastAsian		nature_last
2018	0.177033492822967	0.221291866028708	0.19870956937799	EastAsian		nature_last
2010	0.163978494623656	0.211021505376344	0.186814784946237	EastAsian		nature_last
2011	0.14246947082768	0.187245590230665	0.165327272727273	EastAsian		nature_last
2013	0.163705583756345	0.209390862944162	0.186610913705584	EastAsian		nature_last
2015	0.135989010989011	0.181318681318681	0.158291483516484	EastAsian		nature_last
2014	0.142678347934919	0.18523153942428	0.163835043804756	EastAsian		nature_last
2016	0.148102815177479	0.189718482252142	0.169070501835985	EastAsian		nature_last
2020	0.195876288659794	0.239175257731959	0.217579175257732	EastAsian	EastAsian	nature_last
2019	0.0247641509433962	0.044811320754717	0.0343549528301887	SouthAsian		nature_last
2009	0.0131964809384164	0.032258064516129	0.0219994134897361	SouthAsian		nature_last
2012	0.0254129606099111	0.0470139771283355	0.0356045743329098	SouthAsian		nature_last
2005	0.0214646464646465	0.0404040404040404	0.0302126262626263	SouthAsian		nature_last
2017	0.0226364846870839	0.0439414114513981	0.0333890812250333	SouthAsian		nature_last
2006	0.0198019801980198	0.041018387553041	0.0297482319660537	SouthAsian		nature_last
2008	0.017743979721166	0.0367553865652725	0.0265226869455006	SouthAsian		nature_last
2007	0.0233187134502927	0.0453216374269006	0.033590350877193	SouthAsian		nature_last
2018	0.0251196172248804	0.0466507177033493	0.0358856459330144	SouthAsian		nature_last
2010	0.0201612903225806	0.0403225806451613	0.0295244623655914	SouthAsian		nature_last
2011	0.0257801899592944	0.0488466757123474	0.036687381275441	SouthAsian		nature_last
2013	0.0215736040609137	0.0418781725888325	0.0318147208121827	SouthAsian		nature_last
2015	0.021978021978022	0.0425824175824176	0.0316486263736264	SouthAsian		nature_last
2014	0.0212765957446809	0.0413016270337922	0.0313266583229036	SouthAsian		nature_last
2016	0.025703794369645	0.0465116279069767	0.0354467564259486	SouthAsian		nature_last
2020	0.0319587628865979	0.0536082474226804	0.0423898969072165	SouthAsian	SouthAsian	nature_last
2019	0.294811320754717	0.347877358490566	0.321465094339623	European		nature_last
2009	0.30058651026393	0.360703812316716	0.330496774193548	European		nature_last
2012	0.336721728081321	0.392630241423126	0.364783989834816	European		nature_last
2005	0.30050505050505	0.35479797979798	0.327093181818182	European		nature_last
2017	0.316910785619174	0.374167776298269	0.346045272969374	European		nature_last
2006	0.287128712871287	0.345120226308345	0.315039603960396	European		nature_last
2008	0.332065906210393	0.387832699619772	0.359579467680608	European		nature_last
2007	0.304093567251462	0.362573099415205	0.333195029239766	European		nature_last
2018	0.319377990430622	0.373205741626794	0.345623205741627	European		nature_last
2010	0.268817204301075	0.323924731182796	0.295601075268817	European		nature_last
2011	0.329715061058345	0.388059701492537	0.358520488466757	European		nature_last
2013	0.318527918781726	0.374365482233503	0.346263197969543	European		nature_last
2015	0.331043956043956	0.39010989010989	0.359798351648352	European		nature_last
2014	0.324155193992491	0.379224030037547	0.351703879849812	European		nature_last
2016	0.314565483476132	0.367197062423501	0.340290085679315	European		nature_last
2020	0.321649484536082	0.372164948453608	0.346307628865979	European	European	nature_last
2019	0.231132075471698	0.280660377358491	0.25609929245283	CelticEnglish		nature_last
2009	0.297653958944282	0.356304985337243	0.32651348973607	CelticEnglish		nature_last
2012	0.260482846251588	0.313850063532402	0.287033036848793	CelticEnglish		nature_last
2005	0.339646464646465	0.39520202020202	0.36758005050505	CelticEnglish		nature_last
2017	0.246338215712383	0.300932090545939	0.273545139813582	CelticEnglish		nature_last
2006	0.308345120226308	0.366336633663366	0.336906364922206	CelticEnglish		nature_last
2008	0.291508238276299	0.346007604562738	0.318632192648923	CelticEnglish		nature_last
2007	0.293859649122807	0.35233918128655	0.322899122807018	CelticEnglish		nature_last
2018	0.22488038277512	0.273923444976077	0.249725358851675	CelticEnglish		nature_last
2010	0.295631720430108	0.350806451612903	0.322774193548387	CelticEnglish		nature_last
2011	0.26865671641791	0.325644504748982	0.297036363636364	CelticEnglish		nature_last
2013	0.261421319796954	0.315989847715736	0.288139847715736	CelticEnglish		nature_last
2015	0.26092032967033	0.315934065934066	0.288153571428571	CelticEnglish		nature_last
2014	0.284105131414268	0.339173967459324	0.311594743429287	CelticEnglish		nature_last
2016	0.259485924112607	0.310893512851897	0.28508029375765	CelticEnglish		nature_last
2020	0.210309278350515	0.255670103092783	0.232766597938144	CelticEnglish	CelticEnglish	nature_last
2019	0.0165094339622642	0.0341981132075472	0.0247719339622641	ArabTurkPers		nature_last
2009	0.00586510263929619	0.0190615835777126	0.0117070381231672	ArabTurkPers		nature_last
2012	0.00889453621346887	0.0228716645489199	0.0153123252858958	ArabTurkPers		nature_last
2005	0.0138888888888889	0.0303030303030303	0.0215065656565657	ArabTurkPers		nature_last
2017	0.0106524633821571	0.0266311584553928	0.0185643142476698	ArabTurkPers		nature_last
2006	0.0099009900990099	0.0254596888260255	0.0170149929278642	ArabTurkPers		nature_last
2008	0.0139416983523447	0.0304182509505703	0.0216626108998733	ArabTurkPers		nature_last
2007	0.010233918128655	0.0277777777777778	0.0191669590643275	ArabTurkPers		nature_last
2018	0.00956937799043062	0.0239234449760766	0.0167401913875598	ArabTurkPers		nature_last
2010	0.0188172043010753	0.0389784946236559	0.0282935483870968	ArabTurkPers		nature_last
2011	0.00542740841248304	0.0176390773405699	0.0109229308005427	ArabTurkPers		nature_last
2013	0.00888324873096447	0.0228426395939086	0.0152548223350254	ArabTurkPers		nature_last
2015	0.0123626373626374	0.0302197802197802	0.0206379120879121	ArabTurkPers		nature_last
2014	0.0137672090112641	0.0312891113892365	0.0225684605757197	ArabTurkPers		nature_last
2016	0.00856793145654835	0.02203182374541	0.0147356181150551	ArabTurkPers		nature_last
2020	0.0216494845360825	0.0402061855670103	0.0308705154639175	ArabTurkPers	ArabTurkPers	nature_last
2019	0.0412735849056604	0.0660377358490566	0.0530674528301887	Hispanic		nature_last
2009	0.0249266862170088	0.0483870967741935	0.0365196480938416	Hispanic		nature_last
2012	0.0343074968233799	0.059720457433291	0.0467428208386277	Hispanic		nature_last
2005	0.0214646464646465	0.0416666666666667	0.031464898989899	Hispanic		nature_last
2017	0.0372836218375499	0.0639147802929427	0.0503747003994674	Hispanic		nature_last
2006	0.0353606789250354	0.0608203677510608	0.0478695898161245	Hispanic		nature_last
2008	0.0354879594423321	0.0608365019011407	0.0480448669201521	Hispanic		nature_last
2007	0.0204678362573099	0.0423976608187134	0.0307152046783626	Hispanic		nature_last
2018	0.0334928229665072	0.0562200956937799	0.0443574162679426	Hispanic		nature_last
2010	0.0443548387096774	0.0725806451612903	0.0577508064516129	Hispanic		nature_last
2011	0.0366350067842605	0.062415196743555	0.0488686567164179	Hispanic		nature_last
2013	0.0342639593908629	0.0583756345177665	0.0457720812182741	Hispanic		nature_last
2015	0.0370879120879121	0.0645604395604396	0.0508406593406593	Hispanic		nature_last
2014	0.0262828535669587	0.048811013767209	0.03750337922403	Hispanic		nature_last
2016	0.0367197062423501	0.0624235006119951	0.0489897184822521	Hispanic		nature_last
2020	0.0360824742268041	0.0577319587628866	0.0464084536082474	Hispanic	Hispanic	nature_last
2019	0.0188679245283019	0.0377358490566038	0.0281825471698113	Jewish		nature_last
2009	0.00879765395894428	0.0249266862170088	0.0160384164222874	Jewish		nature_last
2012	0.0190597204574333	0.0381194409148666	0.0279598475222363	Jewish		nature_last
2005	0.0113636363636364	0.0277777777777778	0.0190209595959596	Jewish		nature_last
2017	0.0159786950732357	0.0346205059920107	0.0254170439414115	Jewish		nature_last
2006	0.0099009900990099	0.0254596888260255	0.0169629420084866	Jewish		nature_last
2008	0.0114068441064639	0.026615969581749	0.0190027883396705	Jewish		nature_last
2007	0.0160818713450292	0.0365497076023392	0.0262921052631579	Jewish		nature_last
2018	0.0263157894736842	0.0466507177033493	0.0358844497607656	Jewish		nature_last
2010	0.010752688172043	0.0268817204301075	0.0187672043010753	Jewish		nature_last
2011	0.0149253731343284	0.0325644504748982	0.02301302578019	Jewish		nature_last
2013	0.0152284263959391	0.032994923857868	0.0240642131979695	Jewish		nature_last
2015	0.0151098901098901	0.032967032967033	0.0234046703296703	Jewish		nature_last
2014	0.0175219023779725	0.0362953692115144	0.0263299123904881	Jewish		nature_last
2016	0.0244798041615667	0.0452876376988984	0.0341884944920441	Jewish		nature_last
2020	0.0144329896907217	0.0298969072164948	0.0216872164948454	Jewish	Jewish	nature_last
2019	0.0129716981132075	0.0294811320754717	0.0213370283018868	Greek		nature_last
2009	0.00586510263929619	0.0190615835777126	0.0116953079178886	Greek		nature_last
2012	0.00254129606099111	0.01143583227446	0.00635705209656925	Greek		nature_last
2005	0.00505050505050505	0.0164141414141414	0.0100323232323232	Greek		nature_last
2017	0.0066577896138482	0.0199733688415446	0.0133115845539281	Greek		nature_last
2006	0.00282885431400283	0.0141442715700141	0.00848514851485149	Greek		nature_last
2008	0	0.00760456273764259	0.00374119138149556	Greek		nature_last
2007	0.00146198830409357	0.010233918128655	0.00583450292397661	Greek		nature_last
2018	0.00717703349282297	0.0203349282296651	0.0131921052631579	Greek		nature_last
2010	0.00268817204301075	0.0120967741935484	0.00672258064516129	Greek		nature_last
2011	0.00407055630936228	0.0162822252374491	0.00957069199457259	Greek		nature_last
2013	0.00380710659898477	0.0152284263959391	0.00878959390862944	Greek		nature_last
2015	0.00824175824175824	0.0233516483516484	0.0151167582417582	Greek		nature_last
2014	0.00250312891113892	0.0125156445556946	0.00751864831038798	Greek		nature_last
2016	0.00489596083231334	0.0171358629130967	0.011049694002448	Greek		nature_last
2020	0.00721649484536083	0.0195876288659794	0.0135270103092784	Greek	Greek	nature_last
2019	0.0212264150943396	0.0400943396226415	0.0305198113207547	Nordic		nature_last
2009	0.0234604105571848	0.0469208211143695	0.0352425219941349	Nordic		nature_last
2012	0.0241423125794155	0.0457433290978399	0.0343969504447268	Nordic		nature_last
2005	0.0202020202020202	0.0404040404040404	0.0302174242424242	Nordic		nature_last
2017	0.0279627163781625	0.0505992010652463	0.0385970705725699	Nordic		nature_last
2006	0.0297029702970297	0.0537482319660538	0.0411131541725601	Nordic		nature_last
2008	0.0253485424588086	0.0456907477820028	0.0354349809885932	Nordic		nature_last
2007	0.0263157894736842	0.0511695906432749	0.0382298245614035	Nordic		nature_last
2018	0.0287081339712919	0.0502392344497608	0.0394748803827751	Nordic		nature_last
2010	0.0309139784946237	0.0551075268817204	0.042972311827957	Nordic		nature_last
2011	0.0257801899592944	0.0488466757123474	0.03658697421981	Nordic		nature_last
2013	0.0266497461928934	0.0482233502538071	0.0367192893401015	Nordic		nature_last
2015	0.0260989010989011	0.0494505494505494	0.0369747252747253	Nordic		nature_last
2014	0.0250312891113892	0.0463078848560701	0.0350180225281602	Nordic		nature_last
2016	0.0269277845777234	0.0489596083231334	0.0378771113831089	Nordic		nature_last
2020	0.0237113402061856	0.0422680412371134	0.0330327835051546	Nordic	Nordic	nature_last
2019	0.00471698113207547	0.0153301886792453	0.00944339622641509	African		nature_last
2009	0.00439882697947214	0.0161290322580645	0.0102923753665689	African		nature_last
2012	0.00508259212198221	0.0165184243964422	0.0101415501905972	African		nature_last
2005	0.00757575757575758	0.0214646464646465	0.0139633838383838	African		nature_last
2017	0.00399467376830892	0.014647137150466	0.00923488681757656	African		nature_last
2006	0.0099009900990099	0.0254596888260255	0.0170166902404526	African		nature_last
2008	0.00887198986058302	0.0240811153358682	0.0164879594423321	African		nature_last
2007	0.00584795321637427	0.0204678362573099	0.0131856725146199	African		nature_last
2018	0.0131578947368421	0.0287081339712919	0.0204071770334928	African		nature_last
2010	0.00537634408602151	0.0174731182795699	0.0107790322580645	African		nature_last
2011	0.0067842605156038	0.0203527815468114	0.0134662143826323	African		nature_last
2013	0.00888324873096447	0.0241116751269036	0.0165713197969543	African		nature_last
2015	0.00824175824175824	0.0233516483516484	0.0151332417582418	African		nature_last
2014	0.00625782227784731	0.0200250312891114	0.0126012515644556	African		nature_last
2016	0.01468788249694	0.0318237454100367	0.0232717258261934	African		nature_last
2020	0.00927835051546392	0.0216494845360825	0.0154307216494845	African	African	nature_last
2018	0.331428571428571	0.364761904761905	0.34807780952381	EastAsian		springer_last
2006	0.143961927424152	0.172516359309935	0.158216180844735	EastAsian		springer_last
2005	0.114110429447853	0.141104294478528	0.127586257668712	EastAsian		springer_last
2012	0.243316966721222	0.277141298417894	0.260097108565194	EastAsian		springer_last
2010	0.199776785714286	0.231584821428571	0.215616741071429	EastAsian		springer_last
2009	0.20591456736035	0.237677984665936	0.221842168674699	EastAsian		springer_last
2008	0.220845070422535	0.253521126760563	0.237266253521127	EastAsian		springer_last
2007	0.178935447338618	0.210645526613817	0.194661268403171	EastAsian		springer_last
2015	0.257575757575758	0.290322580645161	0.273539100684262	EastAsian		springer_last
2016	0.301739926739927	0.334249084249084	0.317762637362637	EastAsian		springer_last
2019	0.335098700048146	0.370245546461242	0.352497255657198	EastAsian		springer_last
2017	0.319058823529412	0.352470588235294	0.335521788235294	EastAsian		springer_last
2014	0.262019230769231	0.294230769230769	0.278257115384615	EastAsian		springer_last
2013	0.231115301724138	0.263469827586207	0.2472	EastAsian		springer_last
2011	0.270353302611367	0.303661034306196	0.286792933947773	EastAsian		springer_last
2020	0.313453536754508	0.346740638002774	0.330460286638927	EastAsian	EastAsian	springer_last
2018	0.0695000000000001	0.089047619047619	0.0790334285714286	SouthAsian		springer_last
2006	0.0565139797739441	0.0767400356930399	0.0665671624033314	SouthAsian		springer_last
2005	0.0680981595092024	0.0895705521472393	0.0784768098159509	SouthAsian		springer_last
2012	0.0632842334969995	0.082924168030551	0.0729133660665576	SouthAsian		springer_last
2010	0.0491071428571429	0.0669642857142857	0.0580267857142857	SouthAsian		springer_last
2009	0.056407447973713	0.0755750273822563	0.0658936473165389	SouthAsian		springer_last
2008	0.0625352112676056	0.0828169014084507	0.0726255774647887	SouthAsian		springer_last
2007	0.0560588901472254	0.0753114382785957	0.065619818799547	SouthAsian		springer_last
2015	0.0391006842619746	0.0542521994134897	0.0465227761485826	SouthAsian		springer_last
2016	0.059981684981685	0.0778388278388278	0.0688063186813187	SouthAsian		springer_last
2019	0.0645161290322581	0.0832932113625421	0.0737075589792971	SouthAsian		springer_last
2017	0.0682352941176471	0.0870823529411766	0.0777123764705882	SouthAsian		springer_last
2014	0.04375	0.0596153846153846	0.0515081730769231	SouthAsian		springer_last
2013	0.0474137931034483	0.0646551724137931	0.0560229525862069	SouthAsian		springer_last
2011	0.0609062980030723	0.0793650793650794	0.0697470558115719	SouthAsian		springer_last
2020	0.0785945446139621	0.0989366620434582	0.0887304669440592	SouthAsian	SouthAsian	springer_last
2018	0.229047619047619	0.26	0.244325428571429	European		springer_last
2006	0.303390838786437	0.340868530636526	0.322129565734682	European		springer_last
2005	0.292638036809816	0.330061349693252	0.311091165644172	European		springer_last
2012	0.269503546099291	0.303327877795963	0.286342607746863	European		springer_last
2010	0.306919642857143	0.342075892857143	0.324196205357143	European		springer_last
2009	0.28368017524644	0.319277108433735	0.301723986856517	European		springer_last
2008	0.286760563380282	0.322816901408451	0.304871661971831	European		springer_last
2007	0.275764439411099	0.311438278595697	0.293788901472254	European		springer_last
2015	0.276148582600195	0.309872922776149	0.29280596285435	European		springer_last
2016	0.248626373626374	0.279304029304029	0.263953571428571	European		springer_last
2019	0.22002888781897	0.250361097737121	0.235052961001444	European		springer_last
2017	0.233411764705882	0.264	0.248489035294118	European		springer_last
2014	0.262980769230769	0.294711538461538	0.279020384615385	European		springer_last
2013	0.235452586206897	0.267780172413793	0.251532219827586	European		springer_last
2011	0.265745007680492	0.299539170506912	0.282542959549411	European		springer_last
2020	0.223300970873786	0.25335182616736	0.238291816920943	European	European	springer_last
2018	0.111904761904762	0.135714285714286	0.123494761904762	CelticEnglish		springer_last
2006	0.209994051160024	0.24330755502677	0.226560618679358	CelticEnglish		springer_last
2005	0.247852760736196	0.283435582822086	0.265663435582822	CelticEnglish		springer_last
2012	0.158756137479542	0.188216039279869	0.173304637206765	CelticEnglish		springer_last
2010	0.168526785714286	0.198660714285714	0.183590290178571	CelticEnglish		springer_last
2009	0.173603504928806	0.203723986856517	0.188206462212486	CelticEnglish		springer_last
2008	0.166760563380282	0.197183098591549	0.181840225352113	CelticEnglish		springer_last
2007	0.22876557191393	0.262740656851642	0.24533657984145	CelticEnglish		springer_last
2015	0.147116324535679	0.173509286412512	0.160341544477028	CelticEnglish		springer_last
2016	0.138278388278388	0.163003663003663	0.150717765567766	CelticEnglish		springer_last
2019	0.0967741935483871	0.118921521425132	0.107964179104478	CelticEnglish		springer_last
2017	0.123270588235294	0.147294117647059	0.135037270588235	CelticEnglish		springer_last
2014	0.149038461538462	0.175	0.162059423076923	CelticEnglish		springer_last
2013	0.221443965517241	0.25323275862069	0.237247090517241	CelticEnglish		springer_last
2011	0.141321044546851	0.168458781362007	0.154549615975422	CelticEnglish		springer_last
2020	0.0975496994914471	0.119741100323625	0.108580212667591	CelticEnglish	CelticEnglish	springer_last
2018	0.0680714285714287	0.0866904761904763	0.0774125714285714	ArabTurkPers		springer_last
2006	0.0392623438429506	0.0571088637715645	0.048170255800119	ArabTurkPers		springer_last
2005	0.043558282208589	0.0613496932515337	0.0522350920245399	ArabTurkPers		springer_last
2012	0.0627386797599564	0.0823786142935079	0.0725456628477905	ArabTurkPers		springer_last
2010	0.0407366071428571	0.0574776785714286	0.04908203125	ArabTurkPers		springer_last
2009	0.0525739320920044	0.0712212486308873	0.0618884994523549	ArabTurkPers		springer_last
2008	0.0473239436619718	0.0659154929577465	0.0563318309859155	ArabTurkPers		springer_last
2007	0.0424688561721404	0.0600226500566251	0.0510542468856172	ArabTurkPers		springer_last
2015	0.0591397849462366	0.0777126099706745	0.0684877810361681	ArabTurkPers		springer_last
2016	0.0586080586080586	0.0764652014652015	0.0673447802197802	ArabTurkPers		springer_last
2019	0.0775156475686086	0.0972556571978816	0.087401925854598	ArabTurkPers		springer_last
2017	0.0550588235294118	0.0724705882352941	0.0634939294117647	ArabTurkPers		springer_last
2014	0.048533653846154	0.0649038461538462	0.0566671153846154	ArabTurkPers		springer_last
2013	0.0581896551724138	0.0770474137931035	0.0673945043103448	ArabTurkPers		springer_last
2011	0.0552995391705069	0.0732206861239119	0.0640440348182284	ArabTurkPers		springer_last
2020	0.0809061488673139	0.10078594544614	0.0906350439204808	ArabTurkPers	ArabTurkPers	springer_last
2018	0.0595238095238095	0.0780952380952381	0.0685554285714286	Hispanic		springer_last
2006	0.0594883997620464	0.0803093396787626	0.0695948839976205	Hispanic		springer_last
2005	0.0607361963190184	0.0822085889570552	0.0712065030674847	Hispanic		springer_last
2012	0.0556464811783961	0.0741953082378614	0.0650168030551009	Hispanic		springer_last
2010	0.0574776785714286	0.0764508928571429	0.0667212053571429	Hispanic		springer_last
2009	0.0596933187294633	0.0788608981380066	0.0690336254107339	Hispanic		springer_last
2008	0.0540845070422535	0.0726760563380282	0.0630264788732394	Hispanic		springer_last
2007	0.0594563986409966	0.079841449603624	0.0696422423556059	Hispanic		springer_last
2015	0.0674486803519062	0.0865102639296188	0.0767128054740958	Hispanic		springer_last
2016	0.0531135531135531	0.0700549450549451	0.0613087912087912	Hispanic		springer_last
2019	0.059220028887819	0.0775156475686086	0.068292344727973	Hispanic		springer_last
2017	0.0625882352941177	0.0809411764705882	0.0715756235294118	Hispanic		springer_last
2014	0.0658653846153846	0.0846153846153846	0.0752675	Hispanic		springer_last
2013	0.0581896551724138	0.0775862068965517	0.0678710129310345	Hispanic		springer_last
2011	0.0578597030209933	0.0762928827444957	0.0671190988223246	Hispanic		springer_last
2020	0.0707350901525659	0.0901525658807212	0.0804022191400832	Hispanic	Hispanic	springer_last
2018	0.00523809523809524	0.0119047619047619	0.00859180952380952	Jewish		springer_last
2006	0.00951814396192742	0.0190362879238548	0.0142586555621654	Jewish		springer_last
2005	0.0116564417177914	0.0220858895705521	0.016601472392638	Jewish		springer_last
2012	0.00436442989634479	0.010911074740862	0.00762182214948172	Jewish		springer_last
2010	0.00837053571428571	0.0167410714285714	0.0122771205357143	Jewish		springer_last
2009	0.00657174151150055	0.0142387732749179	0.0103421686746988	Jewish		springer_last
2008	0.00563380281690141	0.0135211267605634	0.0095792676056338	Jewish		springer_last
2007	0.00509626274065685	0.0124575311438279	0.00853454133635334	Jewish		springer_last
2015	0.00684261974584555	0.0141739980449658	0.0102658846529814	Jewish		springer_last
2016	0.00641025641025641	0.0132783882783883	0.00959935897435897	Jewish		springer_last
2019	0.00722195474241695	0.0149253731343284	0.0110848338950409	Jewish		springer_last
2017	0.00658823529411765	0.0136470588235294	0.00988809411764706	Jewish		springer_last
2014	0.0100961538461538	0.01875	0.0143740384615385	Jewish		springer_last
2013	0.00808189655172414	0.0161637931034483	0.0118363146551724	Jewish		springer_last
2011	0.0102406554019457	0.0189452124935996	0.0142886840757808	Jewish		springer_last
2020	0.00369856680536292	0.0092464170134073	0.00643097549699491	Jewish	Jewish	springer_last
2018	0.00571428571428571	0.0128571428571429	0.00907352380952381	Greek		springer_last
2006	0.0362879238548483	0.0523497917906008	0.0439734681737061	Greek		springer_last
2005	0.00429447852760736	0.0110429447852761	0.00734834355828221	Greek		springer_last
2012	0.00545553737043099	0.0125477359519913	0.00873016912165848	Greek		springer_last
2010	0.0122767857142857	0.0223214285714286	0.0173590401785714	Greek		springer_last
2009	0.0131434830230011	0.0235487404162103	0.0180507119386637	Greek		springer_last
2008	0.00619718309859155	0.0140845070422535	0.0101781408450704	Greek		springer_last
2007	0.0107587768969422	0.0209513023782559	0.0158368063420159	Greek		springer_last
2015	0.00586510263929619	0.0122189638318671	0.00883548387096774	Greek		springer_last
2016	0.00457875457875458	0.0105311355311355	0.00731932234432234	Greek		springer_last
2019	0.00481463649494463	0.0115551275878671	0.0081915262397689	Greek		springer_last
2017	0.00611764705882353	0.0131764705882353	0.00940498823529412	Greek		springer_last
2014	0.0163461538461538	0.0264423076923077	0.02118125	Greek		springer_last
2013	0.00323275862068966	0.00915948275862069	0.00595140086206897	Greek		springer_last
2011	0.00768049155145929	0.0153609831029186	0.0112639016897081	Greek		springer_last
2020	0.00462320850670365	0.0106333795654184	0.00742487286176607	Greek	Greek	springer_last
2018	0.02	0.030952380952381	0.0251888571428571	Nordic		springer_last
2006	0.0309339678762641	0.0464009518143962	0.038624509220702	Nordic		springer_last
2005	0.0478527607361963	0.0662576687116564	0.0569818404907975	Nordic		springer_last
2012	0.0321876704855428	0.0474631751227496	0.0398640480087289	Nordic		springer_last
2010	0.0502232142857143	0.0686383928571429	0.0590924107142857	Nordic		springer_last
2009	0.04052573932092	0.056407447973713	0.0482391018619934	Nordic		springer_last
2008	0.0450704225352113	0.0625352112676056	0.0535811830985915	Nordic		springer_last
2007	0.0339750849377123	0.0492638731596829	0.0413533408833522	Nordic		springer_last
2015	0.0351906158357771	0.0498533724340176	0.0424670576735093	Nordic		springer_last
2016	0.0315934065934066	0.0453296703296703	0.0385445970695971	Nordic		springer_last
2019	0.0274434280211844	0.0404670197400097	0.0341724602792489	Nordic		springer_last
2017	0.0254117647058824	0.0376470588235294	0.0314362352941176	Nordic		springer_last
2014	0.0375	0.0524038461538462	0.0448072115384615	Nordic		springer_last
2013	0.0285560344827586	0.0425646551724138	0.0355288793103448	Nordic		springer_last
2011	0.0261136712749616	0.039426523297491	0.0327079365079365	Nordic		springer_last
2020	0.0272769301895515	0.0402219140083218	0.0338116504854369	Nordic	Nordic	springer_last
2018	0.0119047619047619	0.020952380952381	0.016246380952381	African		springer_last
2006	0.00773349196906603	0.016656751933373	0.0119046995835812	African		springer_last
2005	0.00858895705521472	0.0171779141104294	0.0128090797546012	African		springer_last
2012	0.00927441352973268	0.0180032733224223	0.0135637752318603	African		springer_last
2010	0.00948660714285714	0.0189732142857143	0.0140381696428571	African		springer_last
2009	0.0104052573932092	0.0197152245345016	0.0147796276013143	African		springer_last
2008	0.00676056338028169	0.0152112676056338	0.0106993802816901	African		springer_last
2007	0.00962627406568516	0.0186862967157418	0.0141722536806342	African		springer_last
2015	0.0151515151515152	0.0254154447702835	0.0200216031280547	African		springer_last
2016	0.0105311355311355	0.0192307692307692	0.0146428571428571	African		springer_last
2019	0.0163697640828117	0.0269619643716899	0.0216349542609533	African		springer_last
2017	0.0127058823529412	0.0221176470588235	0.0174406588235294	African		springer_last
2014	0.0125	0.0216346153846154	0.0168577884615385	African		springer_last
2013	0.0140086206896552	0.0247844827586207	0.019415625	African		springer_last
2011	0.0122887864823349	0.0220174091141833	0.0169437788018433	African		springer_last
2020	0.0110957004160888	0.0198797965788257	0.0152324549237171	African	African	springer_last
